{
  "diaObjectId": "3521874828229345656",
  "diaSources": [
    {
      "diaSourceId": 3527247275044634782,
      "midpointMjdTai": 61314.273792222215,
      "band": "g",
      "psfFlux": 1458.1170654296875,
      "psfFluxErr": 235.23301696777344
    },
    {
      "diaSourceId": 3527248348786458782,
      "midpointMjdTai": 61314.273792222215,
      "band": "g",
      "psfFlux": 1458.1085205078125,
      "psfFluxErr": 235.23178100585938
    }
  ],
  "diaForcedSources": [
    {
      "midpointMjdTai": 61314.273792222215,
      "band": "g",
      "psfFlux": 1452.023681640625,
      "psfFluxErr": 234.2501220703125
    }
  ]
}