{
  "diaObjectId": "3521874828229345771",
  "diaSources": [
    {
      "diaSourceId": 3521874828229345771,
      "midpointMjdTai": 61330.18437522106,
      "band": "i",
      "psfFlux": 889.0966186523438,
      "psfFluxErr": 566.2747802734375
    },
    {
      "diaSourceId": 3527250029729284116,
      "midpointMjdTai": 61336.20732022106,
      "band": "g",
      "psfFlux": 2386.16357421875,
      "psfFluxErr": 398.0611877441406
    }
  ],
  "diaForcedSources": [
    {
      "midpointMjdTai": 61336.20732022106,
      "band": "g",
      "psfFlux": 2290.465087890625,
      "psfFluxErr": 406.33685302734375
    }
  ]
}