{
  "diaObjectId": "3527243035375042576",
  "diaSources": [
    {
      "diaSourceId": 3527243035375042576,
      "midpointMjdTai": 61314.27337522106,
      "band": "g",
      "psfFlux": -359805.5,
      "psfFluxErr": 906.626708984375
    },
    {
      "diaSourceId": 3527246256600514576,
      "midpointMjdTai": 61314.27337522106,
      "band": "g",
      "psfFlux": -358791.03125,
      "psfFluxErr": 906.4473266601562
    },
    {
      "diaSourceId": 3527246793471426576,
      "midpointMjdTai": 61314.27337522106,
      "band": "g",
      "psfFlux": -359372.15625,
      "psfFluxErr": 906.548095703125
    },
    {
      "diaSourceId": 3527247867213250576,
      "midpointMjdTai": 61314.27337522106,
      "band": "g",
      "psfFlux": -359465.40625,
      "psfFluxErr": 906.560546875
    }
  ],
  "diaForcedSources": [
    {
      "midpointMjdTai": 61314.27337522106,
      "band": "g",
      "psfFlux": -359027.28125,
      "psfFluxErr": 905.6971435546875
    }
  ]
}