{
  "diaObjectId": "3521874828229345769",
  "diaSources": [
    {
      "diaSourceId": 3527247275044634778,
      "midpointMjdTai": 61314.273792222215,
      "band": "g",
      "psfFlux": 3292.54541015625,
      "psfFluxErr": 340.6673889160156
    },
    {
      "diaSourceId": 3527248348786458778,
      "midpointMjdTai": 61314.273792222215,
      "band": "g",
      "psfFlux": 3292.4541015625,
      "psfFluxErr": 340.6654968261719
    }
  ],
  "diaForcedSources": [
    {
      "midpointMjdTai": 61314.273792222215,
      "band": "g",
      "psfFlux": 3293.203857421875,
      "psfFluxErr": 340.7398681640625
    }
  ]
}