{
  "diaObjectId": "3527243035375042574",
  "diaSources": [
    {
      "diaSourceId": 3527243035375042574,
      "midpointMjdTai": 61314.27337522106,
      "band": "g",
      "psfFlux": 1006.2992553710938,
      "psfFluxErr": 195.91677856445312
    },
    {
      "diaSourceId": 3527246256600514574,
      "midpointMjdTai": 61314.27337522106,
      "band": "g",
      "psfFlux": 1006.2946166992188,
      "psfFluxErr": 195.91587829589844
    },
    {
      "diaSourceId": 3527246793471426574,
      "midpointMjdTai": 61314.27337522106,
      "band": "g",
      "psfFlux": 1006.2987060546875,
      "psfFluxErr": 195.91673278808594
    },
    {
      "diaSourceId": 3527247867213250574,
      "midpointMjdTai": 61314.27337522106,
      "band": "g",
      "psfFlux": 1006.2994995117188,
      "psfFluxErr": 195.91685485839844
    }
  ],
  "diaForcedSources": [
    {
      "midpointMjdTai": 61314.27337522106,
      "band": "g",
      "psfFlux": 1004.9666748046875,
      "psfFluxErr": 195.6573944091797
    }
  ]
}