{
  "diaObjectId": "3521874889969500198",
  "diaSources": [
    {
      "diaSourceId": 3527250578948227088,
      "midpointMjdTai": 61322.15704222222,
      "band": "u",
      "psfFlux": -2931.64892578125,
      "psfFluxErr": 576.3636474609375
    },
    {
      "diaSourceId": 3521874889969500198,
      "midpointMjdTai": 61330.18437522106,
      "band": "i",
      "psfFlux": -3641.302001953125,
      "psfFluxErr": 526.5900268554688
    }
  ],
  "diaForcedSources": [
    {
      "midpointMjdTai": 61322.15704222222,
      "band": "u",
      "psfFlux": -2584.670166015625,
      "psfFluxErr": 574.7994384765625
    }
  ]
}