{
  "diaObjectId": "3521874828229345770",
  "diaSources": [
    {
      "diaSourceId": 3521874828229345770,
      "midpointMjdTai": 61330.18437522106,
      "band": "i",
      "psfFlux": 3411.58251953125,
      "psfFluxErr": 545.9784545898438
    },
    {
      "diaSourceId": 3527250029729284120,
      "midpointMjdTai": 61336.20732022106,
      "band": "g",
      "psfFlux": 1332.7283935546875,
      "psfFluxErr": 460.6430358886719
    }
  ],
  "diaForcedSources": [
    {
      "midpointMjdTai": 61336.20732022106,
      "band": "g",
      "psfFlux": -84.33955383300781,
      "psfFluxErr": 445.5387268066406
    }
  ]
}