{
  "diaObjectId": "3521874336992460809",
  "diaSources": [
    {
      "diaSourceId": 3527246194860359702,
      "midpointMjdTai": 61314.27337522106,
      "band": "g",
      "psfFlux": 1677.1221923828125,
      "psfFluxErr": 303.8773498535156
    },
    {
      "diaSourceId": 3527246731731271702,
      "midpointMjdTai": 61314.27337522106,
      "band": "g",
      "psfFlux": 1677.08984375,
      "psfFluxErr": 303.87249755859375
    },
    {
      "diaSourceId": 3527247805473095702,
      "midpointMjdTai": 61314.27337522106,
      "band": "g",
      "psfFlux": 1677.12255859375,
      "psfFluxErr": 303.8782653808594
    }
  ],
  "diaForcedSources": [
    {
      "midpointMjdTai": 61314.27337522106,
      "band": "g",
      "psfFlux": 1678.3555908203125,
      "psfFluxErr": 304.10174560546875
    }
  ]
}