{
  "diaObjectId": "3521874828229345709",
  "diaSources": [
    {
      "diaSourceId": 3527247275044634775,
      "midpointMjdTai": 61314.273792222215,
      "band": "g",
      "psfFlux": 1335.2926025390625,
      "psfFluxErr": 251.3501739501953
    },
    {
      "diaSourceId": 3527248348786458775,
      "midpointMjdTai": 61314.273792222215,
      "band": "g",
      "psfFlux": 1335.2864990234375,
      "psfFluxErr": 251.34901428222656
    }
  ],
  "diaForcedSources": [
    {
      "midpointMjdTai": 61314.273792222215,
      "band": "g",
      "psfFlux": 1329.0435791015625,
      "psfFluxErr": 250.1738739013672
    }
  ]
}