{
  "diaObjectId": "3521874828229345724",
  "diaSources": [
    {
      "diaSourceId": 3527247275044634774,
      "midpointMjdTai": 61314.273792222215,
      "band": "g",
      "psfFlux": 2182.17041015625,
      "psfFluxErr": 265.6834716796875
    },
    {
      "diaSourceId": 3527248348786458774,
      "midpointMjdTai": 61314.273792222215,
      "band": "g",
      "psfFlux": 2182.16162109375,
      "psfFluxErr": 265.6821594238281
    }
  ],
  "diaForcedSources": [
    {
      "midpointMjdTai": 61314.273792222215,
      "band": "g",
      "psfFlux": 2172.46923828125,
      "psfFluxErr": 264.5020751953125
    }
  ]
}