{
  "diaObjectId": "3527244589616332805",
  "diaSources": [
    {
      "diaSourceId": 3527244589616332805,
      "midpointMjdTai": 61314.27337522106,
      "band": "g",
      "psfFlux": 425.9676208496094,
      "psfFluxErr": 489.8316955566406
    },
    {
      "diaSourceId": 3527246200229068805,
      "midpointMjdTai": 61314.27337522106,
      "band": "g",
      "psfFlux": 425.9692687988281,
      "psfFluxErr": 489.83197021484375
    },
    {
      "diaSourceId": 3527246737099980805,
      "midpointMjdTai": 61314.27337522106,
      "band": "g",
      "psfFlux": 426.09619140625,
      "psfFluxErr": 489.8318786621094
    }
  ],
  "diaForcedSources": [
    {
      "midpointMjdTai": 61314.27337522106,
      "band": "g",
      "psfFlux": 423.0396728515625,
      "psfFluxErr": 486.43609619140625
    }
  ]
}