{
  "diaObjectId": "3521874828229345679",
  "diaSources": [
    {
      "diaSourceId": 3527247275044634787,
      "midpointMjdTai": 61314.273792222215,
      "band": "g",
      "psfFlux": 4293.55126953125,
      "psfFluxErr": 328.5390319824219
    },
    {
      "diaSourceId": 3527248348786458787,
      "midpointMjdTai": 61314.273792222215,
      "band": "g",
      "psfFlux": 4293.5634765625,
      "psfFluxErr": 328.537353515625
    }
  ],
  "diaForcedSources": [
    {
      "midpointMjdTai": 61314.273792222215,
      "band": "g",
      "psfFlux": 4285.68408203125,
      "psfFluxErr": 327.93438720703125
    }
  ]
}