{
  "diaObjectId": "3527242985446047792",
  "diaSources": [
    {
      "diaSourceId": 3527242985446047792,
      "midpointMjdTai": 61314.27337522106,
      "band": "g",
      "psfFlux": -2223.40234375,
      "psfFluxErr": 368.4846496582031
    },
    {
      "diaSourceId": 3527246206671519792,
      "midpointMjdTai": 61314.27337522106,
      "band": "g",
      "psfFlux": -2223.379150390625,
      "psfFluxErr": 368.4842529296875
    },
    {
      "diaSourceId": 3527246743542431792,
      "midpointMjdTai": 61314.27337522106,
      "band": "g",
      "psfFlux": -2223.379150390625,
      "psfFluxErr": 368.4842529296875
    }
  ],
  "diaForcedSources": [
    {
      "midpointMjdTai": 61314.27337522106,
      "band": "g",
      "psfFlux": -2216.497802734375,
      "psfFluxErr": 367.34375
    }
  ]
}